Amr Abu-Nemr,amr_abunemr16@yahoo.com,01061278515,shubra-masr,19-05-2023- 16:08:51
Mohamed ,mohamed@yahoo.com,0123456789,zamalek,19-05-2023- 16:10:09
Ahmed ,ahmed@yahoo.com,0123456,dokki ,19-05-2023- 16:11:14
omar ,omar@yahoo.com,0123456789,fifth settlement,19-05-2023- 18:05:49
amr1,amr1@yahoo.com,01061278515,dokki,19-05-2023- 18:08:38
amr2,amr2@yahoo.com,0123456789,zamalek,19-05-2023- 18:10:31
abunemr,abunemr@yahoo.com,0123456789,sheikh zayed,19-05-2023- 18:12:22
abu-nemr1,abunemr1@yahoo.com,01061278515,brazil st.,19-05-2023- 18:17:42
ahmed1,ahmed1@yahoo.com,0123456789,shubra,19-05-2023- 18:20:20
seif,seif@yahoo.com,0123456789,giza,19-05-2023- 18:31:18
jo,jo@yahoo.com,0123456789,dokki,19-05-2023- 18:50:29
hoss,hoss@yahoo.com,01111111,shubra,19-05-2023- 18:51:25
amro,amro@yahoo.com,011111111,shubra-masr,19-05-2023- 19:00:39
ali,ali@yahoo.com,0123456789,dokki,19-05-2023- 19:24:14
